{"epoch": 2, "train_accuracy": 16.472186422376257, "train_loss": 1.2452853003429676, "val_accuracy": 4.6531067149623855, "val_loss": 2.52580840002119, "precision": 0.21775033749603648, "recall": 0.04653106714962385, "f1_score": 0.04611375305902012, "_timestamp": 1721665630.4432864, "_runtime": 406.00660848617554, "_step": 1}