{"epoch": 100, "train_accuracy": 97.2273503082657, "train_loss": 0.07911571432713975, "val_accuracy": 60.60183895235441, "val_loss": 2.4064656762422714, "precision": 0.6153842903455955, "recall": 0.6060183895235441, "f1_score": 0.6072486032813583, "val_confusion_matrix": {"_type": "histogram", "values": [20, 8, 8, 4, 0, 2, 1, 0, 0, 1, 1, 0, 0, 1, 1, 0, 0, 1, 0, 0, 0, 0, 0, 0, 0, 0, 0, 0, 0, 0, 0, 1], "bins": [0.0, 44.09375, 88.1875, 132.28125, 176.375, 220.46875, 264.5625, 308.65625, 352.75, 396.84375, 440.9375, 485.03125, 529.125, 573.21875, 617.3125, 661.40625, 705.5, 749.59375, 793.6875, 837.78125, 881.875, 925.96875, 970.0625, 1014.15625, 1058.25, 1102.34375, 1146.4375, 1190.53125, 1234.625, 1278.71875, 1322.8125, 1366.90625, 1411.0]}, "_timestamp": 1720016564.581463, "_runtime": 82145.54563903809, "_step": 100, "train_accuracy_plot": {"_type": "image-file", "sha256": "626bb0316d39d07044d1adaa53cae5491d707841fc53660ab81ab3ae741bab8d", "size": 54951, "path": "media/images/train_accuracy_plot_100_626bb0316d39d07044d1.png", "format": "png", "width": 1440, "height": 500}, "train_loss_plot": {"_type": "image-file", "sha256": "626bb0316d39d07044d1adaa53cae5491d707841fc53660ab81ab3ae741bab8d", "size": 54951, "path": "media/images/train_loss_plot_100_626bb0316d39d07044d1.png", "format": "png", "width": 1440, "height": 500}, "_wandb": {"runtime": 82144}}